config_id,device,size_mb,parameter_count,batch_size,sequence_length,macs,time_avg_ms,time_std_ms
beto-uncased,cpu,419.1350526809693,109853187,1,128,10882058496.0,47.712723617500004,1.2913105708842616
beto-uncased,cpu,419.1350526809693,109853187,1,256,21763524864.0,105.37160627428572,2.314279801328727
beto-uncased,cpu,419.1350526809693,109853187,1,512,43526457600.0,252.27719427766667,2.55671680019853
beto-uncased,cpu,419.1350526809693,109853187,2,128,21764116992.0,97.89474074410714,0.8799341793116763
beto-uncased,cpu,419.1350526809693,109853187,2,256,43527049728.0,205.1314153654717,3.0001695666335504
beto-uncased,cpu,419.1350526809693,109853187,2,512,87052915200.0,501.70882877052634,3.4995024913588195
beto-uncased,cpu,419.1350526809693,109853187,4,128,43528233984.0,183.80465491854548,3.4632193619704346
beto-uncased,cpu,419.1350526809693,109853187,4,256,87054099456.0,417.45148612192304,6.2060460044171055
beto-uncased,cpu,419.1350526809693,109853187,4,512,174105830400.0,1075.6983279416668,11.652037193177017
beto-uncased,cpu,419.1350526809693,109853187,8,128,87056467968.0,370.3250567821154,2.098225276908672
beto-uncased,cpu,419.1350526809693,109853187,8,256,174108198912.0,901.2575641157406,4.980752772592373
beto-uncased,cpu,419.1350526809693,109853187,8,512,348211660800.0,2215.531430215926,14.8926605102334
beto-uncased,cpu,419.1350526809693,109853187,16,128,174112935936.0,803.4575055660378,5.600256468675078
beto-uncased,cpu,419.1350526809693,109853187,16,256,348216397824.0,1876.6697574719642,13.217068325395347
beto-uncased,cpu,419.1350526809693,109853187,16,512,696423321600.0,4253.940515515193,21.213353941932144
beto-uncased,cpu,419.1350526809693,109853187,32,128,348225871872.0,1596.5944659042857,9.618335787907672
beto-uncased,cpu,419.1350526809693,109853187,32,256,696432795648.0,3622.8212824341813,20.426906351468773
beto-uncased,cpu,419.1350526809693,109853187,32,512,1392846643200.0,8410.547942358908,32.976456080543265
beto-uncased,cpu,419.1350526809693,109853187,64,128,696451743744.0,3235.0132307298113,17.543255136872524
beto-uncased,cpu,419.1350526809693,109853187,64,256,1392865591296.0,7250.72257734579,31.21960461993889
beto-uncased,cpu,419.1350526809693,109853187,64,512,2785693286400.0,16702.65434288327,101.95446486427711
beto-cased,cpu,419.1385889053345,109853187,1,128,10882058496.0,106.43049523696428,5.985608247931207
beto-cased,cpu,419.1385889053345,109853187,1,256,21763524864.0,176.17211745666665,24.859935294951445
beto-cased,cpu,419.1385889053345,109853187,1,512,43526457600.0,234.2128139621154,2.6259531504013474
beto-cased,cpu,419.1385889053345,109853187,2,128,21764116992.0,97.4239626025862,0.9219012754906183
beto-cased,cpu,419.1385889053345,109853187,2,256,43527049728.0,199.6928500812069,3.2824784016001227
beto-cased,cpu,419.1385889053345,109853187,2,512,87052915200.0,472.69307012089286,4.293002624796149
beto-cased,cpu,419.1385889053345,109853187,4,128,43528233984.0,189.0361356,4.162471429568703
beto-cased,cpu,419.1385889053345,109853187,4,256,87054099456.0,405.02264307055555,3.6983894831833166
beto-cased,cpu,419.1385889053345,109853187,4,512,174105830400.0,1033.3032722416071,4.5765031131190606
beto-cased,cpu,419.1385889053345,109853187,8,128,87056467968.0,371.1577686613207,2.3126740507061023
beto-cased,cpu,419.1385889053345,109853187,8,256,174108198912.0,820.5288469911537,5.142823641928088
beto-cased,cpu,419.1385889053345,109853187,8,512,348211660800.0,2116.3960470319234,12.867400279252964
beto-cased,cpu,419.1385889053345,109853187,16,128,174112935936.0,748.0473371816364,3.6900965264579164
beto-cased,cpu,419.1385889053345,109853187,16,256,348216397824.0,1850.302967423585,7.12577056294538
beto-cased,cpu,419.1385889053345,109853187,16,512,696423321600.0,4036.935005248868,21.92667794777784
beto-cased,cpu,419.1385889053345,109853187,32,128,348225871872.0,1579.2229479755556,6.733715416092843
beto-cased,cpu,419.1385889053345,109853187,32,256,696432795648.0,3569.246559386415,19.04853137852182
beto-cased,cpu,419.1385889053345,109853187,32,512,1392846643200.0,8431.045079734067,41.264100434054235
beto-cased,cpu,419.1385889053345,109853187,64,128,696451743744.0,3213.056128579423,15.569909221668196
beto-cased,cpu,419.1385889053345,109853187,64,256,1392865591296.0,7178.850929520568,17.164064054341303
beto-cased,cpu,419.1385889053345,109853187,64,512,2785693286400.0,15904.237091040566,9.887274692300766
distilbeto,cpu,256.8614320755005,67324419,1,128,5441521920.0,29.169571797857145,0.21620006052729748
distilbeto,cpu,256.8614320755005,67324419,1,256,10882451712.0,50.676582318095235,0.256562093075641
distilbeto,cpu,256.8614320755005,67324419,1,512,21764311296.0,109.53048363410714,0.06836806204371446
distilbeto,cpu,256.8614320755005,67324419,2,128,10883043840.0,48.26596785071428,0.11456084067536314
distilbeto,cpu,256.8614320755005,67324419,2,256,21764903424.0,94.20474945038463,0.04565926864854039
distilbeto,cpu,256.8614320755005,67324419,2,512,43528622592.0,242.7642675317544,0.10490607868760003
distilbeto,cpu,256.8614320755005,67324419,4,128,21766087680.0,88.9382676203509,0.12250028367207236
distilbeto,cpu,256.8614320755005,67324419,4,256,43529806848.0,188.91557584960785,0.07485206705308202
distilbeto,cpu,256.8614320755005,67324419,4,512,87057245184.0,496.31191955679253,2.1233191572845524
distilbeto,cpu,256.8614320755005,67324419,8,128,43532175360.0,177.17960673226412,0.07297332137301585
distilbeto,cpu,256.8614320755005,67324419,8,256,87059613696.0,414.92876126509793,0.7047571937939046
distilbeto,cpu,256.8614320755005,67324419,8,512,174114490368.0,1026.5325140512962,0.32022313611793085
distilbeto,cpu,256.8614320755005,67324419,16,128,87064350720.0,369.89306161321423,1.8770664848043663
distilbeto,cpu,256.8614320755005,67324419,16,256,174119227392.0,878.1364552928571,0.2660775776961227
distilbeto,cpu,256.8614320755005,67324419,16,512,348228980736.0,2002.3612836883635,2.0163387487104134
distilbeto,cpu,256.8614320755005,67324419,32,128,174128701440.0,804.2185134994999,0.291390674445436
distilbeto,cpu,256.8614320755005,67324419,32,256,348238454784.0,1702.417807036852,2.310825530196552
distilbeto,cpu,256.8614320755005,67324419,32,512,696457961472.0,4054.4506677184613,1.5947270319372773
distilbeto,cpu,256.8614320755005,67324419,64,128,348257402880.0,1567.9579321164815,1.0064572403565357
distilbeto,cpu,256.8614320755005,67324419,64,256,696476909568.0,3519.775735251035,1.3156406366469384
distilbeto,cpu,256.8614320755005,67324419,64,512,1392915922944.0,7714.2434713067805,2.765830372547921
albeto-tiny,cpu,20.40430736541748,5345075,1,128,604635112.0,5.087695176470588,0.013879882469537008
albeto-tiny,cpu,20.40430736541748,5345075,1,256,1209171944.0,13.41239130537037,0.09063172084509544
albeto-tiny,cpu,20.40430736541748,5345075,1,512,2418245608.0,30.73534329924529,0.022185983288884843
albeto-tiny,cpu,20.40430736541748,5345075,2,128,1209270224.0,11.785154817068966,0.06445559034625582
albeto-tiny,cpu,20.40430736541748,5345075,2,256,2418343888.0,20.607720449821432,0.06172716959660509
albeto-tiny,cpu,20.40430736541748,5345075,2,512,4836491216.0,78.1045202036842,0.07164536175699966
albeto-tiny,cpu,20.40430736541748,5345075,4,128,2418540448.0,15.665480585000001,0.022374921267948406
albeto-tiny,cpu,20.40430736541748,5345075,4,256,4836687776.0,41.84741577333334,0.05399428276929252
albeto-tiny,cpu,20.40430736541748,5345075,4,512,9672982432.0,163.46647669396228,0.08847058386071338
albeto-tiny,cpu,20.40430736541748,5345075,8,128,4837080896.0,31.601301758545453,0.01646694676238525
albeto-tiny,cpu,20.40430736541748,5345075,8,256,9673375552.0,101.13790243945456,0.060467546935709236
albeto-tiny,cpu,20.40430736541748,5345075,8,512,19345964864.0,329.66004089980765,0.1308278356960522
albeto-tiny,cpu,20.40430736541748,5345075,16,128,9674161792.0,66.49681237929825,0.02408667267045901
albeto-tiny,cpu,20.40430736541748,5345075,16,256,19346751104.0,217.36132223296295,0.1346355326863724
albeto-tiny,cpu,20.40430736541748,5345075,16,512,38691929728.0,672.2672283735185,0.2614997027517283
albeto-tiny,cpu,20.40430736541748,5345075,32,128,19348323584.0,156.013744525,0.10146104800906387
albeto-tiny,cpu,20.40430736541748,5345075,32,256,38693502208.0,449.6208003592727,0.32456546900554345
albeto-tiny,cpu,20.40430736541748,5345075,32,512,77383859456.0,1333.5239181380002,2.7804763011150664
albeto-tiny,cpu,20.40430736541748,5345075,64,128,38696647168.0,312.0446875246154,0.19196165640129526
albeto-tiny,cpu,20.40430736541748,5345075,64,256,77387004416.0,893.049482578,2.5830836704076585
albeto-tiny,cpu,20.40430736541748,5345075,64,512,154767718912.0,2478.5374843945006,0.7084851635389693
albeto-base,cpu,45.08106517791748,11813891,1,128,10894313728.0,57.49554220296296,0.26591931471297325
albeto-base,cpu,45.08106517791748,11813891,1,256,21788035328.0,99.09096809425925,0.14917274177442047
albeto-base,cpu,45.08106517791748,11813891,1,512,43575478528.0,221.91162234537038,0.06795525646083796
albeto-base,cpu,45.08106517791748,11813891,2,128,21788627456.0,94.64284840365386,0.14146991567031297
albeto-base,cpu,45.08106517791748,11813891,2,256,43576070656.0,189.75786079366665,0.17453904567074388
albeto-base,cpu,45.08106517791748,11813891,2,512,87150957056.0,458.50913155137937,0.08029302163615201
albeto-base,cpu,45.08106517791748,11813891,4,128,43577254912.0,176.9846489715094,0.05249091159422812
albeto-base,cpu,45.08106517791748,11813891,4,256,87152141312.0,386.9790816333962,0.08449887120849395
albeto-base,cpu,45.08106517791748,11813891,4,512,174301914112.0,972.6334413682758,5.178777056701976
albeto-base,cpu,45.08106517791748,11813891,8,128,87154509824.0,357.08385723428574,0.09770319355637079
albeto-base,cpu,45.08106517791748,11813891,8,256,174304282624.0,786.8152989418182,0.5004966536526047
albeto-base,cpu,45.08106517791748,11813891,8,512,348603828224.0,2163.594334115636,0.5648861192635256
albeto-base,cpu,45.08106517791748,11813891,16,128,174309019648.0,720.0748252037736,0.18538593869546657
albeto-base,cpu,45.08106517791748,11813891,16,256,348608565248.0,1803.4814880230356,0.5735138648079627
albeto-base,cpu,45.08106517791748,11813891,16,512,697207656448.0,4287.474550009445,1.753099981380391
albeto-base,cpu,45.08106517791748,11813891,32,128,348618039296.0,1502.5279834941175,0.43283040241974735
albeto-base,cpu,45.08106517791748,11813891,32,256,697217130496.0,3351.5445214004,4.42534913777009
albeto-base,cpu,45.08106517791748,11813891,32,512,1394415312896.0,8211.618521510383,2.0864641548906797
albeto-base,cpu,45.08106517791748,11813891,64,128,697236078592.0,3023.9695761748217,10.614278042444676
albeto-base,cpu,45.08106517791748,11813891,64,256,1394434260992.0,7092.320916676732,4.892717330188586
albeto-base,cpu,45.08106517791748,11813891,64,512,2788830625792.0,16061.066091579058,5.406466665026573
albeto-large,cpu,67.97364330291748,17815043,1,128,38697765888.0,202.24811306321428,0.9559953890613381
albeto-large,cpu,67.97364330291748,17815043,1,256,77394480128.0,355.6949482994118,0.6504706088591896
albeto-large,cpu,67.97364330291748,17815043,1,512,154787908608.0,770.3580337489093,0.15105151606982187
albeto-large,cpu,67.97364330291748,17815043,2,128,77395531776.0,339.29701295648147,0.27472150047953925
albeto-large,cpu,67.97364330291748,17815043,2,256,154788960256.0,684.0446666527779,0.2674265309423783
albeto-large,cpu,67.97364330291748,17815043,2,512,309575817216.0,1603.7163934831035,0.5388934165428375
albeto-large,cpu,67.97364330291748,17815043,4,128,154791063552.0,644.0824668725454,0.1660783477265982
albeto-large,cpu,67.97364330291748,17815043,4,256,309577920512.0,1370.528862269091,0.39715208036036503
albeto-large,cpu,67.97364330291748,17815043,4,512,619151634432.0,3229.558071755926,1.073066529355395
albeto-large,cpu,67.97364330291748,17815043,8,128,309582127104.0,1289.3516508079244,0.5392450999131173
albeto-large,cpu,67.97364330291748,17815043,8,256,619155841024.0,2769.444647744909,0.7750491058114172
albeto-large,cpu,67.97364330291748,17815043,8,512,1238303268864.0,7012.9211540675415,4.523583360797322
albeto-large,cpu,67.97364330291748,17815043,16,128,619164254208.0,2570.515448680545,0.6295929669906093
albeto-large,cpu,67.97364330291748,17815043,16,256,1238311682048.0,6064.289106341509,2.024658340798978
albeto-large,cpu,67.97364330291748,17815043,16,512,2476606537728.0,14211.819197016412,7.730084943537687
albeto-large,cpu,67.97364330291748,17815043,32,128,1238328508416.0,5664.436521956071,6.410316634844633
albeto-large,cpu,67.97364330291748,17815043,32,256,2476623364096.0,12221.306461558035,9.636039558561468
albeto-large,cpu,67.97364330291748,17815043,32,512,4953213075456.0,26697.08421732386,11.670508743803667
albeto-large,cpu,67.97364330291748,17815043,64,128,2476657016832.0,11373.230343415491,6.435879605600785
albeto-large,cpu,67.97364330291748,17815043,64,256,4953246728192.0,23774.425027115925,10.035439937711889
albeto-large,cpu,67.97364330291748,17815043,64,512,9906426150912.0,51432.23180435685,24.05673553952871
albeto-xlarge,cpu,224.54395580291748,58859011,1,128,154706974720.0,731.7864778074074,0.6573854073251196
albeto-xlarge,cpu,224.54395580291748,58859011,1,256,309409748992.0,1316.2210350892594,0.25014030040227103
albeto-xlarge,cpu,224.54395580291748,58859011,1,512,618815297536.0,2835.4832195354393,1.0467226529241016
albeto-xlarge,cpu,224.54395580291748,58859011,2,128,309413949440.0,1238.9282175698213,0.3644731443553267
albeto-xlarge,cpu,224.54395580291748,58859011,2,256,618819497984.0,2568.0208602270686,0.7142770534663039
albeto-xlarge,cpu,224.54395580291748,58859011,2,512,1237630595072.0,5545.085845797308,1.6800260944988055
albeto-xlarge,cpu,224.54395580291748,58859011,4,128,618827898880.0,2485.8737074863943,0.602564221394771
albeto-xlarge,cpu,224.54395580291748,58859011,4,256,1237638995968.0,4982.288155080755,1.1376864078470068
albeto-xlarge,cpu,224.54395580291748,58859011,4,512,2475261190144.0,10757.846961553149,9.93274634660879
albeto-xlarge,cpu,224.54395580291748,58859011,8,128,1237655797760.0,4770.856122809038,1.4976322104656412
albeto-xlarge,cpu,224.54395580291748,58859011,8,256,2475277991936.0,9761.89250797157,3.234688040036473
albeto-xlarge,cpu,224.54395580291748,58859011,8,512,4950522380288.0,19980.25186276418,7.2037989133190425
albeto-xlarge,cpu,224.54395580291748,58859011,16,128,2475311595520.0,9212.07345791154,27.69317641786078
albeto-xlarge,cpu,224.54395580291748,58859011,16,256,4950555983872.0,18465.760704929624,6.421984859362291
albeto-xlarge,cpu,224.54395580291748,58859011,16,512,9901044760576.0,38666.47715711736,16.707718413907482
albeto-xlarge,cpu,224.54395580291748,58859011,32,128,4950623191040.0,17690.68953901982,5.754941202557963
albeto-xlarge,cpu,224.54395580291748,58859011,32,256,9901111967744.0,35517.702094352455,44.55573972285056
albeto-xlarge,cpu,224.54395580291748,58859011,32,512,19802089521152.0,77011.76262350038,77.15521827711278
albeto-xlarge,cpu,224.54395580291748,58859011,64,128,9901246382080.0,34508.11349517741,10.526563144719423
albeto-xlarge,cpu,224.54395580291748,58859011,64,256,19802223935488.0,70230.94818068943,26.585599496225196
albeto-xlarge,cpu,224.54395580291748,58859011,64,512,39604179042304.0,189228.56732784695,809.5029339467798
albeto-xxlarge,cpu,849.6845808029175,222735875,1,128,309371940864.0,1815.5360228453449,50.342909081599096
albeto-xxlarge,cpu,849.6845808029175,222735875,1,256,618727092224.0,2919.4385823643547,130.73637222306394
albeto-xxlarge,cpu,849.6845808029175,222735875,1,512,1237437394944.0,6743.775184511272,479.3381457911224
albeto-xxlarge,cpu,849.6845808029175,222735875,2,128,618743881728.0,2956.882253530173,164.80502504216253
albeto-xxlarge,cpu,849.6845808029175,222735875,2,256,1237454184448.0,6026.284907154286,278.1291755671185
albeto-xxlarge,cpu,849.6845808029175,222735875,2,512,2474874789888.0,12608.015026498217,994.1207451828949
albeto-xxlarge,cpu,849.6845808029175,222735875,4,128,1237487763456.0,6071.892113555264,381.0428139015796
albeto-xxlarge,cpu,849.6845808029175,222735875,4,256,2474908368896.0,12061.55915167644,980.3385813129023
albeto-xxlarge,cpu,849.6845808029175,222735875,4,512,4949749579776.0,22860.077459132506,753.8299563239051
albeto-xxlarge,cpu,849.6845808029175,222735875,8,128,2474975526912.0,11158.204427570303,1078.4975698514545
albeto-xxlarge,cpu,849.6845808029175,222735875,8,256,4949816737792.0,22693.09331575088,1121.6505228566718
albeto-xxlarge,cpu,849.6845808029175,222735875,8,512,9899499159552.0,41655.81342679228,788.7682872455734
albeto-xxlarge,cpu,849.6845808029175,222735875,16,128,4949951053824.0,21527.036318252147,957.2954273815898
albeto-xxlarge,cpu,849.6845808029175,222735875,16,256,9899633475584.0,39722.269453473265,1054.529103402184
albeto-xxlarge,cpu,849.6845808029175,222735875,16,512,19798998319104.0,78151.28364476233,677.6680786498689
albeto-xxlarge,cpu,849.6845808029175,222735875,32,128,9899902107648.0,32287.026965537018,37.640152334323936
albeto-xxlarge,cpu,849.6845808029175,222735875,32,256,19799266951168.0,65280.18334001887,25.103254484842306
albeto-xxlarge,cpu,849.6845808029175,222735875,32,512,39597996638208.0,151701.84133370814,1503.2097459895342
albeto-xxlarge,cpu,849.6845808029175,222735875,64,128,19799804215296.0,72521.04360786204,590.1214891801567
albeto-xxlarge,cpu,849.6845808029175,222735875,64,256,39598533902336.0,145404.60907664572,1170.3797371106534
albeto-xxlarge,cpu,849.6845808029175,222735875,64,512,79195993276416.0,272582.0381647355,344.99686355456913
bertin-roberta-base,cpu,475.5685815811157,124645635,1,128,10882058496.0,65.03376443732144,0.5721067810981999
bertin-roberta-base,cpu,475.5685815811157,124645635,1,256,21763524864.0,112.76740317283019,0.8118978052849168
bertin-roberta-base,cpu,475.5685815811157,124645635,1,512,43526457600.0,250.36013984517857,1.9505050521616283
bertin-roberta-base,cpu,475.5685815811157,124645635,2,128,21764116992.0,121.36676712269228,5.943124212056304
bertin-roberta-base,cpu,475.5685815811157,124645635,2,256,43527049728.0,214.2126636438889,1.1976268263303664
bertin-roberta-base,cpu,475.5685815811157,124645635,2,512,87052915200.0,504.5536366775,2.21157127639052
bertin-roberta-base,cpu,475.5685815811157,124645635,4,128,43528233984.0,202.60346592818186,2.3311808240705805
bertin-roberta-base,cpu,475.5685815811157,124645635,4,256,87054099456.0,428.20919859749995,2.728345845679192
bertin-roberta-base,cpu,475.5685815811157,124645635,4,512,174105830400.0,1121.247279224423,9.085345846678818
bertin-roberta-base,cpu,475.5685815811157,124645635,8,128,87056467968.0,396.60387369415093,1.8305571505627074
bertin-roberta-base,cpu,475.5685815811157,124645635,8,256,174108198912.0,860.0725551387271,6.8055189312535145
bertin-roberta-base,cpu,475.5685815811157,124645635,8,512,348211660800.0,2427.472141710526,124.92118955186743
bertin-roberta-base,cpu,475.5685815811157,124645635,16,128,174112935936.0,796.5241226116981,6.6030068719335
bertin-roberta-base,cpu,475.5685815811157,124645635,16,256,348216397824.0,2102.5513950006252,195.57400948659995
bertin-roberta-base,cpu,475.5685815811157,124645635,16,512,696423321600.0,5761.66782083625,620.9801296786358
bertin-roberta-base,cpu,475.5685815811157,124645635,32,128,348225871872.0,1701.5138953944445,11.041877575331606
bertin-roberta-base,cpu,475.5685815811157,124645635,32,256,696432795648.0,3552.5184526592857,8.814176084311264
bertin-roberta-base,cpu,475.5685815811157,124645635,32,512,1392846643200.0,8681.33861086852,5.790768746713097
bertin-roberta-base,cpu,475.5685815811157,124645635,64,128,696451743744.0,3174.5142782021817,2.0297367686270276
bertin-roberta-base,cpu,475.5685815811157,124645635,64,256,1392865591296.0,7201.52186687431,3.0563973916307385
bertin-roberta-base,cpu,475.5685815811157,124645635,64,512,2785693286400.0,17194.518594906225,6.722148527255799
bne-roberta-base,cpu,475.5685815811157,124645635,1,128,10882058496.0,57.866865346851846,0.4087511437908778
bne-roberta-base,cpu,475.5685815811157,124645635,1,256,21763524864.0,101.087634537,0.27866769153550136
bne-roberta-base,cpu,475.5685815811157,124645635,1,512,43526457600.0,261.74165532499995,0.24519118826733535
bne-roberta-base,cpu,475.5685815811157,124645635,2,128,21764116992.0,94.05718791226414,0.18454385096783404
bne-roberta-base,cpu,475.5685815811157,124645635,2,256,43527049728.0,189.96967218314816,0.2189364520939614
bne-roberta-base,cpu,475.5685815811157,124645635,2,512,87052915200.0,502.3166349674999,0.26668440051392067
bne-roberta-base,cpu,475.5685815811157,124645635,4,128,43528233984.0,178.1704920705555,0.16306020423380896
bne-roberta-base,cpu,475.5685815811157,124645635,4,256,87054099456.0,422.1447705238461,0.2752943554696842
bne-roberta-base,cpu,475.5685815811157,124645635,4,512,174105830400.0,1070.108042702456,0.41933448892326536
bne-roberta-base,cpu,475.5685815811157,124645635,8,128,87056467968.0,357.3627123461112,0.2913580240798286
bne-roberta-base,cpu,475.5685815811157,124645635,8,256,174108198912.0,871.807170178148,0.29193549991100903
bne-roberta-base,cpu,475.5685815811157,124645635,8,512,348211660800.0,2179.952446624909,3.009448552610451
bne-roberta-base,cpu,475.5685815811157,124645635,16,128,174112935936.0,791.6277303014286,0.31514376055583604
bne-roberta-base,cpu,475.5685815811157,124645635,16,256,348216397824.0,1814.1110262116072,1.7166757490063451
bne-roberta-base,cpu,475.5685815811157,124645635,16,512,696423321600.0,4254.258439884,2.3758923708958375
bne-roberta-base,cpu,475.5685815811157,124645635,32,128,348225871872.0,1612.5397818377194,4.278489390782923
bne-roberta-base,cpu,475.5685815811157,124645635,32,256,696432795648.0,3537.535174965185,3.621538643422738
bne-roberta-base,cpu,475.5685815811157,124645635,32,512,1392846643200.0,8590.693424405274,3.2675011178079405
bne-roberta-base,cpu,475.5685815811157,124645635,64,128,696451743744.0,3179.961538034107,4.091542872194874
bne-roberta-base,cpu,475.5685815811157,124645635,64,256,1392865591296.0,7141.734012927964,3.0424151632611838
bne-roberta-base,cpu,475.5685815811157,124645635,64,512,2785693286400.0,17174.401251763516,6.429180837220442
bne-roberta-large,cpu,1355.7497339248655,355359747,1,128,38681447424.0,201.99110048509806,0.897148574823524
bne-roberta-large,cpu,1355.7497339248655,355359747,1,256,77361843200.0,361.2079107454545,0.5560392604619395
bne-roberta-large,cpu,1355.7497339248655,355359747,1,512,154722634752.0,842.7079251898077,0.23045795680232461
bne-roberta-large,cpu,1355.7497339248655,355359747,2,128,77362894848.0,339.8195310999999,0.2405008909678508
bne-roberta-large,cpu,1355.7497339248655,355359747,2,256,154723686400.0,695.0024926163462,0.34458170381934744
bne-roberta-large,cpu,1355.7497339248655,355359747,2,512,309445269504.0,1700.7405429812281,5.008962276044058
bne-roberta-large,cpu,1355.7497339248655,355359747,4,128,154725789696.0,655.1773072894545,0.34928240671106175
bne-roberta-large,cpu,1355.7497339248655,355359747,4,256,309447372800.0,1411.4358066655932,2.318942483992607
bne-roberta-large,cpu,1355.7497339248655,355359747,4,512,618890539008.0,3487.1371300667793,2.3267316946600265
bne-roberta-large,cpu,1355.7497339248655,355359747,8,128,309451579392.0,1295.371533907736,1.0258302556466274
bne-roberta-large,cpu,1355.7497339248655,355359747,8,256,618894745600.0,3002.237247458334,7.1569221012877735
bne-roberta-large,cpu,1355.7497339248655,355359747,8,512,1237781078016.0,7061.991704369464,4.528849223899939
bne-roberta-large,cpu,1355.7497339248655,355359747,16,128,618903158784.0,2732.7646037310906,7.420600861070461
bne-roberta-large,cpu,1355.7497339248655,355359747,16,256,1237789491200.0,6096.501903907359,3.6936532397569937
bne-roberta-large,cpu,1355.7497339248655,355359747,16,512,2475562156032.0,14254.801133252264,6.111471208411152
bne-roberta-large,cpu,1355.7497339248655,355359747,32,128,1237806317568.0,5623.73084461647,4.146649821796055
bne-roberta-large,cpu,1355.7497339248655,355359747,32,256,2475578982400.0,12326.205379253934,13.100818294573884
bne-roberta-large,cpu,1355.7497339248655,355359747,32,512,4951124312064.0,27942.65498477509,14.540802513902953
bne-roberta-large,cpu,1355.7497339248655,355359747,64,128,2475612635136.0,11344.77480747327,10.083240319832589
bne-roberta-large,cpu,1355.7497339248655,355359747,64,256,4951157964800.0,24144.586035310193,13.289163109117046
bne-roberta-large,cpu,1355.7497339248655,355359747,64,512,9902248624128.0,55246.439233064826,43.291498652013566
beto-uncased,NVIDIA GeForce RTX 3090,419.1377382278442,109853187,1,128,10882058496.0,5.151522073773585,0.01709506426931405
beto-uncased,NVIDIA GeForce RTX 3090,419.1377382278442,109853187,1,256,21763524864.0,5.07947891264151,0.012757138206376861
beto-uncased,NVIDIA GeForce RTX 3090,419.1377382278442,109853187,1,512,43526457600.0,9.328439809180328,0.03265165054280067
beto-uncased,NVIDIA GeForce RTX 3090,419.1377382278442,109853187,2,128,21764116992.0,5.317373827818182,0.018695783049861758
beto-uncased,NVIDIA GeForce RTX 3090,419.1377382278442,109853187,2,256,43527049728.0,8.49973193074074,0.02505769649450007
beto-uncased,NVIDIA GeForce RTX 3090,419.1377382278442,109853187,2,512,87052915200.0,17.178679550357142,0.08015225254919411
beto-uncased,NVIDIA GeForce RTX 3090,419.1377382278442,109853187,4,128,43528233984.0,7.783272605185186,0.013714348969640031
beto-uncased,NVIDIA GeForce RTX 3090,419.1377382278442,109853187,4,256,87054099456.0,15.208203552000002,0.08139005678498114
beto-uncased,NVIDIA GeForce RTX 3090,419.1377382278442,109853187,4,512,174105830400.0,33.09885358848484,0.15703336035697887
beto-uncased,NVIDIA GeForce RTX 3090,419.1377382278442,109853187,8,128,87056467968.0,14.11003409415094,0.032646172712315985
beto-uncased,NVIDIA GeForce RTX 3090,419.1377382278442,109853187,8,256,174108198912.0,29.362364774935067,0.11540878010700259
beto-uncased,NVIDIA GeForce RTX 3090,419.1377382278442,109853187,8,512,348211660800.0,61.56380978626374,0.37486440977214325
beto-uncased,NVIDIA GeForce RTX 3090,419.1377382278442,109853187,16,128,174112935936.0,27.50695842621951,0.17150410021634505
beto-uncased,NVIDIA GeForce RTX 3090,419.1377382278442,109853187,16,256,348216397824.0,54.42763504808511,0.35020044847619203
beto-uncased,NVIDIA GeForce RTX 3090,419.1377382278442,109853187,16,512,696423321600.0,120.27339359595238,0.6934368855970844
beto-uncased,NVIDIA GeForce RTX 3090,419.1377382278442,109853187,32,128,348225871872.0,51.02091961792455,0.015235759826169695
beto-uncased,NVIDIA GeForce RTX 3090,419.1377382278442,109853187,32,256,696432795648.0,106.09159676826924,0.14553338691868944
beto-uncased,NVIDIA GeForce RTX 3090,419.1377382278442,109853187,32,512,1392846643200.0,236.34274508961533,0.166589903101788
beto-uncased,NVIDIA GeForce RTX 3090,419.1377382278442,109853187,64,128,696451743744.0,98.79600436529411,0.02657604768905506
beto-uncased,NVIDIA GeForce RTX 3090,419.1377382278442,109853187,64,256,1392865591296.0,208.31095228176468,0.03565646257967546
beto-uncased,NVIDIA GeForce RTX 3090,419.1377382278442,109853187,64,512,2785693286400.0,470.5107370566668,1.0577831770036692
beto-uncased,NVIDIA GeForce RTX 2080,419.1415796279907,109853187,1,128,10882058496.0,5.251986959423077,0.027327692392722102
beto-uncased,NVIDIA GeForce RTX 2080,419.1415796279907,109853187,1,256,21763524864.0,8.022420709818181,0.01645575785385201
beto-uncased,NVIDIA GeForce RTX 2080,419.1415796279907,109853187,1,512,43526457600.0,16.295891220555554,0.004689587674804276
beto-uncased,NVIDIA GeForce RTX 2080,419.1415796279907,109853187,2,128,21764116992.0,7.635029348214286,0.00621097636814282
beto-uncased,NVIDIA GeForce RTX 2080,419.1415796279907,109853187,2,256,43527049728.0,14.66226754462963,0.006838098159888928
beto-uncased,NVIDIA GeForce RTX 2080,419.1415796279907,109853187,2,512,87052915200.0,31.043236609666664,0.04709548493174363
beto-uncased,NVIDIA GeForce RTX 2080,419.1415796279907,109853187,4,128,43528233984.0,13.71257929981818,0.029851175313477682
beto-uncased,NVIDIA GeForce RTX 2080,419.1415796279907,109853187,4,256,87054099456.0,27.572289676875002,0.05237409164139105
beto-uncased,NVIDIA GeForce RTX 2080,419.1415796279907,109853187,4,512,174105830400.0,59.41394545436364,0.08072798701814927
beto-uncased,NVIDIA GeForce RTX 2080,419.1415796279907,109853187,8,128,87056467968.0,25.811322351833333,0.03627917499084237
beto-uncased,NVIDIA GeForce RTX 2080,419.1415796279907,109853187,8,256,174108198912.0,52.25339820879311,0.06927109160964727
beto-uncased,NVIDIA GeForce RTX 2080,419.1415796279907,109853187,8,512,348211660800.0,115.76327901188681,0.03181493220780531
beto-uncased,NVIDIA GeForce RTX 2080,419.1415796279907,109853187,16,128,174112935936.0,48.91969885057693,0.04241034414864218
beto-uncased,NVIDIA GeForce RTX 2080,419.1415796279907,109853187,16,256,348216397824.0,101.70299101207546,0.11825736560652021
beto-uncased,NVIDIA GeForce RTX 2080,419.1415796279907,109853187,16,512,696423321600.0,225.61010713309088,0.03818560955436554
beto-uncased,NVIDIA GeForce RTX 2080,419.1415796279907,109853187,32,128,348225871872.0,94.78353156821427,0.07854927685637295
beto-uncased,NVIDIA GeForce RTX 2080,419.1415796279907,109853187,32,256,696432795648.0,197.75876010132075,0.02967423755217435
beto-uncased,NVIDIA GeForce RTX 2080,419.1415796279907,109853187,32,512,1392846643200.0,446.82202542627124,0.07895466154667806
beto-uncased,NVIDIA GeForce RTX 2080,419.1415796279907,109853187,64,128,696451743744.0,184.06179127392855,0.23394122673564574
beto-uncased,NVIDIA GeForce RTX 2080,419.1415796279907,109853187,64,256,1392865591296.0,391.2443130276364,0.11660530708422762
beto-uncased,NVIDIA GeForce RTX 2080,419.1415796279907,109853187,64,512,2785693286400.0,885.7498494360785,0.07453741013039188
beto-cased,NVIDIA GeForce RTX 3090,419.1415796279907,109853187,1,128,10882058496.0,5.255323601666667,0.018089763150373802
beto-cased,NVIDIA GeForce RTX 3090,419.1415796279907,109853187,1,256,21763524864.0,5.044108417636362,0.012649152256959308
beto-cased,NVIDIA GeForce RTX 3090,419.1415796279907,109853187,1,512,43526457600.0,9.17188811632353,0.0447137317107686
beto-cased,NVIDIA GeForce RTX 3090,419.1415796279907,109853187,2,128,21764116992.0,5.302756143214286,0.008462712741619652
beto-cased,NVIDIA GeForce RTX 3090,419.1415796279907,109853187,2,256,43527049728.0,8.451642494716982,0.011386188269450016
beto-cased,NVIDIA GeForce RTX 3090,419.1415796279907,109853187,2,512,87052915200.0,16.97132101921875,0.0904084233423952
beto-cased,NVIDIA GeForce RTX 3090,419.1415796279907,109853187,4,128,43528233984.0,7.684059566538464,0.0051006051326423635
beto-cased,NVIDIA GeForce RTX 3090,419.1415796279907,109853187,4,256,87054099456.0,15.074152424054052,0.08979588306412023
beto-cased,NVIDIA GeForce RTX 3090,419.1415796279907,109853187,4,512,174105830400.0,32.790660714363646,0.11849353821661054
beto-cased,NVIDIA GeForce RTX 3090,419.1415796279907,109853187,8,128,87056467968.0,14.036210406153847,0.011205673597580778
beto-cased,NVIDIA GeForce RTX 3090,419.1415796279907,109853187,8,256,174108198912.0,28.990156875142866,0.13448270965774595
beto-cased,NVIDIA GeForce RTX 3090,419.1415796279907,109853187,8,512,348211660800.0,60.93866786461538,0.1534658628910754
beto-cased,NVIDIA GeForce RTX 3090,419.1415796279907,109853187,16,128,174112935936.0,27.234802204637685,0.10228788742800303
beto-cased,NVIDIA GeForce RTX 3090,419.1415796279907,109853187,16,256,348216397824.0,54.33747642734176,0.32003898674992914
beto-cased,NVIDIA GeForce RTX 3090,419.1415796279907,109853187,16,512,696423321600.0,119.0124072421154,0.32550704205033826
beto-cased,NVIDIA GeForce RTX 3090,419.1415796279907,109853187,32,128,348225871872.0,50.54046671533333,0.1780876456657387
beto-cased,NVIDIA GeForce RTX 3090,419.1415796279907,109853187,32,256,696432795648.0,105.58755249019231,0.026200632909944267
beto-cased,NVIDIA GeForce RTX 3090,419.1415796279907,109853187,32,512,1392846643200.0,236.87856591111108,0.8434175521395717
beto-cased,NVIDIA GeForce RTX 3090,419.1415796279907,109853187,64,128,696451743744.0,98.47776975115943,0.2944223541789911
beto-cased,NVIDIA GeForce RTX 3090,419.1415796279907,109853187,64,256,1392865591296.0,207.71114802320758,0.14814506663375968
beto-cased,NVIDIA GeForce RTX 3090,419.1415796279907,109853187,64,512,2785693286400.0,469.22273658078433,0.23456277706849527
beto-cased,NVIDIA GeForce RTX 2080,419.1415796279907,109853187,1,128,10882058496.0,5.218937372745099,0.014714026257103443
beto-cased,NVIDIA GeForce RTX 2080,419.1415796279907,109853187,1,256,21763524864.0,8.09183014814815,0.013277135379961627
beto-cased,NVIDIA GeForce RTX 2080,419.1415796279907,109853187,1,512,43526457600.0,16.411197634181818,0.024038829620217014
beto-cased,NVIDIA GeForce RTX 2080,419.1415796279907,109853187,2,128,21764116992.0,7.7349772001818184,0.006050102271649345
beto-cased,NVIDIA GeForce RTX 2080,419.1415796279907,109853187,2,256,43527049728.0,14.846151800483876,0.02661550940018114
beto-cased,NVIDIA GeForce RTX 2080,419.1415796279907,109853187,2,512,87052915200.0,31.400191894181823,0.0529481052735187
beto-cased,NVIDIA GeForce RTX 2080,419.1415796279907,109853187,4,128,43528233984.0,13.876643505901644,0.022838152944497644
beto-cased,NVIDIA GeForce RTX 2080,419.1415796279907,109853187,4,256,87054099456.0,27.83608792571429,0.03277898668653507
beto-cased,NVIDIA GeForce RTX 2080,419.1415796279907,109853187,4,512,174105830400.0,59.783638545384605,0.05469774681988023
beto-cased,NVIDIA GeForce RTX 2080,419.1415796279907,109853187,8,128,87056467968.0,26.007854702500005,0.022720731302839508
beto-cased,NVIDIA GeForce RTX 2080,419.1415796279907,109853187,8,256,174108198912.0,52.78350843145161,0.11075642767611373
beto-cased,NVIDIA GeForce RTX 2080,419.1415796279907,109853187,8,512,348211660800.0,116.17628784410714,0.13749351882341368
beto-cased,NVIDIA GeForce RTX 2080,419.1415796279907,109853187,16,128,174112935936.0,49.26734831574073,0.0472339094976678
beto-cased,NVIDIA GeForce RTX 2080,419.1415796279907,109853187,16,256,348216397824.0,102.17714187499999,0.055784506635261646
beto-cased,NVIDIA GeForce RTX 2080,419.1415796279907,109853187,16,512,696423321600.0,226.48566904923078,0.08709303823354186
beto-cased,NVIDIA GeForce RTX 2080,419.1415796279907,109853187,32,128,348225871872.0,95.20701202131146,0.13343084658932577
beto-cased,NVIDIA GeForce RTX 2080,419.1415796279907,109853187,32,256,696432795648.0,198.4989157196154,0.10817071198936946
beto-cased,NVIDIA GeForce RTX 2080,419.1415796279907,109853187,32,512,1392846643200.0,447.88347149186444,0.10496974008999346
beto-cased,NVIDIA GeForce RTX 2080,419.1415796279907,109853187,64,128,696451743744.0,184.4254554137037,0.04842907492216314
beto-cased,NVIDIA GeForce RTX 2080,419.1415796279907,109853187,64,256,1392865591296.0,391.7783343842857,0.09891058981930712
beto-cased,NVIDIA GeForce RTX 2080,419.1415796279907,109853187,64,512,2785693286400.0,887.1229357562263,0.08487457666851059
distilbeto,NVIDIA GeForce RTX 3090,256.86295795440674,67324419,1,128,5441521920.0,2.8852821830769226,0.008767687094033567
distilbeto,NVIDIA GeForce RTX 3090,256.86295795440674,67324419,1,256,10882451712.0,2.813972169272727,0.006375156860417701
distilbeto,NVIDIA GeForce RTX 3090,256.86295795440674,67324419,1,512,21764311296.0,4.5996263998076925,0.0017926391488019007
distilbeto,NVIDIA GeForce RTX 3090,256.86295795440674,67324419,2,128,10883043840.0,2.9509149631481475,0.0063387038099294545
distilbeto,NVIDIA GeForce RTX 3090,256.86295795440674,67324419,2,256,21764903424.0,4.12806612,0.0032856852353930674
distilbeto,NVIDIA GeForce RTX 3090,256.86295795440674,67324419,2,512,43528622592.0,8.522700044406779,0.04105833835406879
distilbeto,NVIDIA GeForce RTX 3090,256.86295795440674,67324419,4,128,21766087680.0,3.874502768679245,0.0037756349043366606
distilbeto,NVIDIA GeForce RTX 3090,256.86295795440674,67324419,4,256,43529806848.0,7.545175458356163,0.029634512654422344
distilbeto,NVIDIA GeForce RTX 3090,256.86295795440674,67324419,4,512,87057245184.0,16.49434311653846,0.07102572169926391
distilbeto,NVIDIA GeForce RTX 3090,256.86295795440674,67324419,8,128,43532175360.0,6.936883141509434,0.0036112001902981585
distilbeto,NVIDIA GeForce RTX 3090,256.86295795440674,67324419,8,256,87059613696.0,14.550691385757576,0.07499086723136912
distilbeto,NVIDIA GeForce RTX 3090,256.86295795440674,67324419,8,512,174114490368.0,30.70898050192308,0.18656166117958026
distilbeto,NVIDIA GeForce RTX 3090,256.86295795440674,67324419,16,128,87064350720.0,13.775960314313725,0.023261138166175747
distilbeto,NVIDIA GeForce RTX 3090,256.86295795440674,67324419,16,256,174119227392.0,27.191262216136362,0.13700939750573188
distilbeto,NVIDIA GeForce RTX 3090,256.86295795440674,67324419,16,512,348228980736.0,59.847852349111115,0.34103109481529364
distilbeto,NVIDIA GeForce RTX 3090,256.86295795440674,67324419,32,128,174128701440.0,25.453616890000003,0.17101851202792126
distilbeto,NVIDIA GeForce RTX 3090,256.86295795440674,67324419,32,256,348238454784.0,52.869663479318184,0.3135217366353212
distilbeto,NVIDIA GeForce RTX 3090,256.86295795440674,67324419,32,512,696457961472.0,118.43194363313727,0.40082363436529256
distilbeto,NVIDIA GeForce RTX 3090,256.86295795440674,67324419,64,128,348257402880.0,49.5742572512069,0.11719741591971265
distilbeto,NVIDIA GeForce RTX 3090,256.86295795440674,67324419,64,256,696476909568.0,104.51654600888887,0.24067510462383945
distilbeto,NVIDIA GeForce RTX 3090,256.86295795440674,67324419,64,512,1392915922944.0,235.48250761767855,0.3276744719012231
distilbeto,NVIDIA GeForce RTX 2080,256.86295795440674,67324419,1,128,5441521920.0,2.9001926951851855,0.0063199220228827065
distilbeto,NVIDIA GeForce RTX 2080,256.86295795440674,67324419,1,256,10882451712.0,4.060777394821428,0.011005076645139725
distilbeto,NVIDIA GeForce RTX 2080,256.86295795440674,67324419,1,512,21764311296.0,8.272599710188679,0.011108898682530668
distilbeto,NVIDIA GeForce RTX 2080,256.86295795440674,67324419,2,128,10883043840.0,3.8953259894230774,0.004254101566487774
distilbeto,NVIDIA GeForce RTX 2080,256.86295795440674,67324419,2,256,21764903424.0,7.48367915709091,0.01195603606573877
distilbeto,NVIDIA GeForce RTX 2080,256.86295795440674,67324419,2,512,43528622592.0,15.738669917115384,0.012528471744153445
distilbeto,NVIDIA GeForce RTX 2080,256.86295795440674,67324419,4,128,21766087680.0,6.941534655272727,0.013018810878268375
distilbeto,NVIDIA GeForce RTX 2080,256.86295795440674,67324419,4,256,43529806848.0,14.042827068269231,0.02024187982894712
distilbeto,NVIDIA GeForce RTX 2080,256.86295795440674,67324419,4,512,87057245184.0,30.10292317472727,0.04142209563053151
distilbeto,NVIDIA GeForce RTX 2080,256.86295795440674,67324419,8,128,43532175360.0,13.14309997779661,0.023576698180061962
distilbeto,NVIDIA GeForce RTX 2080,256.86295795440674,67324419,8,256,87059613696.0,26.571501100769236,0.07547636811110615
distilbeto,NVIDIA GeForce RTX 2080,256.86295795440674,67324419,8,512,174114490368.0,58.46233344388888,0.03608921708353563
distilbeto,NVIDIA GeForce RTX 2080,256.86295795440674,67324419,16,128,87064350720.0,24.86213898611111,0.039952825009627574
distilbeto,NVIDIA GeForce RTX 2080,256.86295795440674,67324419,16,256,174119227392.0,51.46672979142857,0.05955976020672316
distilbeto,NVIDIA GeForce RTX 2080,256.86295795440674,67324419,16,512,348228980736.0,114.1368737125862,0.08297525024624966
distilbeto,NVIDIA GeForce RTX 2080,256.86295795440674,67324419,32,128,174128701440.0,47.909107125714286,0.057485899101219685
distilbeto,NVIDIA GeForce RTX 2080,256.86295795440674,67324419,32,256,348238454784.0,100.09052830719298,0.13639297436623968
distilbeto,NVIDIA GeForce RTX 2080,256.86295795440674,67324419,32,512,696457961472.0,226.14949884509437,0.09587714482707277
distilbeto,NVIDIA GeForce RTX 2080,256.86295795440674,67324419,64,128,348257402880.0,93.158358378,0.09461810589565542
distilbeto,NVIDIA GeForce RTX 2080,256.86295795440674,67324419,64,256,696476909568.0,197.9025131054717,0.046232804432470714
distilbeto,NVIDIA GeForce RTX 2080,256.86295795440674,67324419,64,512,1392915922944.0,447.11925434070184,0.09834613214209109
albeto-tiny,NVIDIA GeForce RTX 3090,20.40479564666748,5345075,1,128,604635112.0,1.9428348683636363,0.003509843285333786
albeto-tiny,NVIDIA GeForce RTX 3090,20.40479564666748,5345075,1,256,1209171944.0,1.8677330206896552,0.00268294398897276
albeto-tiny,NVIDIA GeForce RTX 3090,20.40479564666748,5345075,1,512,2418245608.0,1.8531595163793104,0.003548842537808288
albeto-tiny,NVIDIA GeForce RTX 3090,20.40479564666748,5345075,2,128,1209270224.0,1.969445346785714,0.01146917809739372
albeto-tiny,NVIDIA GeForce RTX 3090,20.40479564666748,5345075,2,256,2418343888.0,1.9627883867857143,0.0037098087929439126
albeto-tiny,NVIDIA GeForce RTX 3090,20.40479564666748,5345075,2,512,4836491216.0,2.5850227281481484,0.0027393343246747003
albeto-tiny,NVIDIA GeForce RTX 3090,20.40479564666748,5345075,4,128,2418540448.0,1.9642885264150944,0.0034261084032404794
albeto-tiny,NVIDIA GeForce RTX 3090,20.40479564666748,5345075,4,256,4836687776.0,1.9786766155384612,0.013889704462141304
albeto-tiny,NVIDIA GeForce RTX 3090,20.40479564666748,5345075,4,512,9672982432.0,4.601153299245284,0.001882322315464971
albeto-tiny,NVIDIA GeForce RTX 3090,20.40479564666748,5345075,8,128,4837080896.0,1.9746864807272728,0.0032435544708129043
albeto-tiny,NVIDIA GeForce RTX 3090,20.40479564666748,5345075,8,256,9673375552.0,3.391145511724138,0.007384936797254832
albeto-tiny,NVIDIA GeForce RTX 3090,20.40479564666748,5345075,8,512,19345964864.0,8.867029734827588,0.03831689207102065
albeto-tiny,NVIDIA GeForce RTX 3090,20.40479564666748,5345075,16,128,9674161792.0,2.7767635918518523,0.0021293991471931658
albeto-tiny,NVIDIA GeForce RTX 3090,20.40479564666748,5345075,16,256,19346751104.0,6.554224681272728,0.0028435958327627238
albeto-tiny,NVIDIA GeForce RTX 3090,20.40479564666748,5345075,16,512,38691929728.0,16.76460254254902,0.0049651451485412295
albeto-tiny,NVIDIA GeForce RTX 3090,20.40479564666748,5345075,32,128,19348323584.0,5.37974269483871,0.014033118544649616
albeto-tiny,NVIDIA GeForce RTX 3090,20.40479564666748,5345075,32,256,38693502208.0,12.213965765,0.05040181722232846
albeto-tiny,NVIDIA GeForce RTX 3090,20.40479564666748,5345075,32,512,77383859456.0,32.980914453428575,0.08602746539455002
albeto-tiny,NVIDIA GeForce RTX 3090,20.40479564666748,5345075,64,128,38696647168.0,9.975034737901234,0.04705312690822038
albeto-tiny,NVIDIA GeForce RTX 3090,20.40479564666748,5345075,64,256,77387004416.0,23.82653109439024,0.12457761867524438
albeto-tiny,NVIDIA GeForce RTX 3090,20.40479564666748,5345075,64,512,154767718912.0,65.2640267520635,0.19296118127119796
albeto-tiny,NVIDIA GeForce RTX 2080,20.40479564666748,5345075,1,128,604635112.0,1.9426315816666668,0.010241045540369986
albeto-tiny,NVIDIA GeForce RTX 2080,20.40479564666748,5345075,1,256,1209171944.0,1.8971054896491228,0.0024932009654644494
albeto-tiny,NVIDIA GeForce RTX 2080,20.40479564666748,5345075,1,512,2418245608.0,2.4298284503846155,0.005285919411632796
albeto-tiny,NVIDIA GeForce RTX 2080,20.40479564666748,5345075,2,128,1209270224.0,1.9979354388888888,0.0034972443829745428
albeto-tiny,NVIDIA GeForce RTX 2080,20.40479564666748,5345075,2,256,2418343888.0,2.0034700526785714,0.00303840171898547
albeto-tiny,NVIDIA GeForce RTX 2080,20.40479564666748,5345075,2,512,4836491216.0,4.424872057777777,0.00336226182575046
albeto-tiny,NVIDIA GeForce RTX 2080,20.40479564666748,5345075,4,128,2418540448.0,2.007271382641509,0.002419806278669285
albeto-tiny,NVIDIA GeForce RTX 2080,20.40479564666748,5345075,4,256,4836687776.0,3.2619631342105264,0.002250382541814035
albeto-tiny,NVIDIA GeForce RTX 2080,20.40479564666748,5345075,4,512,9672982432.0,8.425743386545456,0.003102556145165271
albeto-tiny,NVIDIA GeForce RTX 2080,20.40479564666748,5345075,8,128,4837080896.0,2.652638829411765,0.0018540793785864727
albeto-tiny,NVIDIA GeForce RTX 2080,20.40479564666748,5345075,8,256,9673375552.0,6.1179722879310345,0.0027406143756330504
albeto-tiny,NVIDIA GeForce RTX 2080,20.40479564666748,5345075,8,512,19345964864.0,16.18621309517857,0.00603809042879213
albeto-tiny,NVIDIA GeForce RTX 2080,20.40479564666748,5345075,16,128,9674161792.0,4.920868530370371,0.002159147624730949
albeto-tiny,NVIDIA GeForce RTX 2080,20.40479564666748,5345075,16,256,19346751104.0,11.65444383107143,0.003313611480415144
albeto-tiny,NVIDIA GeForce RTX 2080,20.40479564666748,5345075,16,512,38691929728.0,31.13701211736842,0.006452671467173967
albeto-tiny,NVIDIA GeForce RTX 2080,20.40479564666748,5345075,32,128,19348323584.0,9.329732788867924,0.002948625857587402
albeto-tiny,NVIDIA GeForce RTX 2080,20.40479564666748,5345075,32,256,38693502208.0,22.094174922413796,0.005276957191914821
albeto-tiny,NVIDIA GeForce RTX 2080,20.40479564666748,5345075,32,512,77383859456.0,61.32419243924529,0.025614501897217066
albeto-tiny,NVIDIA GeForce RTX 2080,20.40479564666748,5345075,64,128,38696647168.0,17.373247583076928,0.005022798715070956
albeto-tiny,NVIDIA GeForce RTX 2080,20.40479564666748,5345075,64,256,77387004416.0,43.31988442074074,0.018218912241444975
albeto-tiny,NVIDIA GeForce RTX 2080,20.40479564666748,5345075,64,512,154767718912.0,121.20698860685185,0.04534611335199227
albeto-base,NVIDIA GeForce RTX 3090,45.08155345916748,11813891,1,128,10894313728.0,5.089734333636363,0.016113552257777435
albeto-base,NVIDIA GeForce RTX 3090,45.08155345916748,11813891,1,256,21788035328.0,4.93920837,0.005599227692980623
albeto-base,NVIDIA GeForce RTX 3090,45.08155345916748,11813891,1,512,43575478528.0,9.206376844929578,0.04459122312243275
albeto-base,NVIDIA GeForce RTX 3090,45.08155345916748,11813891,2,128,21788627456.0,5.228341199107143,0.0067955383674485744
albeto-base,NVIDIA GeForce RTX 3090,45.08155345916748,11813891,2,256,43576070656.0,8.40924208909091,0.028209759033454327
albeto-base,NVIDIA GeForce RTX 3090,45.08155345916748,11813891,2,512,87150957056.0,17.02959223987952,0.11204067871031782
albeto-base,NVIDIA GeForce RTX 3090,45.08155345916748,11813891,4,128,43577254912.0,7.7082001096363655,0.025327142220067246
albeto-base,NVIDIA GeForce RTX 3090,45.08155345916748,11813891,4,256,87152141312.0,14.933525178095241,0.06840531972580415
albeto-base,NVIDIA GeForce RTX 3090,45.08155345916748,11813891,4,512,174301914112.0,32.6930350720339,0.12038082501344334
albeto-base,NVIDIA GeForce RTX 3090,45.08155345916748,11813891,8,128,87154509824.0,13.99037563578125,0.058961924919968156
albeto-base,NVIDIA GeForce RTX 3090,45.08155345916748,11813891,8,256,174304282624.0,29.22073687823529,0.019262826821117348
albeto-base,NVIDIA GeForce RTX 3090,45.08155345916748,11813891,8,512,348603828224.0,60.935526970000005,0.24694732171848746
albeto-base,NVIDIA GeForce RTX 3090,45.08155345916748,11813891,16,128,174309019648.0,27.0570304252,0.018768279013540366
albeto-base,NVIDIA GeForce RTX 3090,45.08155345916748,11813891,16,256,348608565248.0,53.92105348735294,0.27469415429577304
albeto-base,NVIDIA GeForce RTX 3090,45.08155345916748,11813891,16,512,697207656448.0,119.33375400234374,0.515790661486479
albeto-base,NVIDIA GeForce RTX 3090,45.08155345916748,11813891,32,128,348618039296.0,50.75786001365592,0.3464291896464361
albeto-base,NVIDIA GeForce RTX 3090,45.08155345916748,11813891,32,256,697217130496.0,105.63469151,0.015631401602303436
albeto-base,NVIDIA GeForce RTX 3090,45.08155345916748,11813891,32,512,1394415312896.0,235.2215660914865,1.3830608475214614
albeto-base,NVIDIA GeForce RTX 3090,45.08155345916748,11813891,64,128,697236078592.0,98.47045983984127,0.3382021141445487
albeto-base,NVIDIA GeForce RTX 3090,45.08155345916748,11813891,64,256,1394434260992.0,207.67840389,0.30030427338704035
albeto-base,NVIDIA GeForce RTX 3090,45.08155345916748,11813891,64,512,2788830625792.0,468.99753101655176,0.31769873894419665
albeto-base,NVIDIA GeForce RTX 2080,45.08155345916748,11813891,1,128,10894313728.0,5.313117320000002,0.016148703861457604
albeto-base,NVIDIA GeForce RTX 2080,45.08155345916748,11813891,1,256,21788035328.0,8.081085616,0.01613103000935033
albeto-base,NVIDIA GeForce RTX 2080,45.08155345916748,11813891,1,512,43575478528.0,16.426725243703707,0.014728356563958546
albeto-base,NVIDIA GeForce RTX 2080,45.08155345916748,11813891,2,128,21788627456.0,7.73689274148148,0.009495468546271112
albeto-base,NVIDIA GeForce RTX 2080,45.08155345916748,11813891,2,256,43576070656.0,14.859241962931035,0.01856006675477294
albeto-base,NVIDIA GeForce RTX 2080,45.08155345916748,11813891,2,512,87150957056.0,31.33479092923077,0.02295858241474924
albeto-base,NVIDIA GeForce RTX 2080,45.08155345916748,11813891,4,128,43577254912.0,13.846208976545455,0.030040010460635272
albeto-base,NVIDIA GeForce RTX 2080,45.08155345916748,11813891,4,256,87152141312.0,27.812530591639344,0.045743546687364196
albeto-base,NVIDIA GeForce RTX 2080,45.08155345916748,11813891,4,512,174301914112.0,59.68518376685185,0.08347614615072206
albeto-base,NVIDIA GeForce RTX 2080,45.08155345916748,11813891,8,128,87154509824.0,26.05284941890909,0.03729182158813179
albeto-base,NVIDIA GeForce RTX 2080,45.08155345916748,11813891,8,256,174304282624.0,52.75201631037038,0.111591811310881
albeto-base,NVIDIA GeForce RTX 2080,45.08155345916748,11813891,8,512,348603828224.0,116.02164923037037,0.05770565870987783
albeto-base,NVIDIA GeForce RTX 2080,45.08155345916748,11813891,16,128,174309019648.0,49.2675547162963,0.05732429502558996
albeto-base,NVIDIA GeForce RTX 2080,45.08155345916748,11813891,16,256,348608565248.0,102.16046815732143,0.1010320294559929
albeto-base,NVIDIA GeForce RTX 2080,45.08155345916748,11813891,16,512,697207656448.0,226.28803037290908,0.07014411788934549
albeto-base,NVIDIA GeForce RTX 2080,45.08155345916748,11813891,32,128,348618039296.0,94.96164010666668,0.1646314205496446
albeto-base,NVIDIA GeForce RTX 2080,45.08155345916748,11813891,32,256,697217130496.0,198.30853216301585,0.11873399395746609
albeto-base,NVIDIA GeForce RTX 2080,45.08155345916748,11813891,32,512,1394415312896.0,447.7819958698113,0.10965479230126991
albeto-base,NVIDIA GeForce RTX 2080,45.08155345916748,11813891,64,128,697236078592.0,184.2915868073585,0.0644289788676307
albeto-base,NVIDIA GeForce RTX 2080,45.08155345916748,11813891,64,256,1394434260992.0,391.73639550196077,0.04712617869290727
albeto-base,NVIDIA GeForce RTX 2080,45.08155345916748,11813891,64,512,2788830625792.0,886.4658321929093,0.14389236450605444
albeto-large,NVIDIA GeForce RTX 3090,67.97413158416748,17815043,1,128,38697765888.0,9.780045086271187,0.04334612298378826
albeto-large,NVIDIA GeForce RTX 3090,67.97413158416748,17815043,1,256,77394480128.0,14.879344642941176,0.011502042482067473
albeto-large,NVIDIA GeForce RTX 3090,67.97413158416748,17815043,1,512,154787908608.0,29.74273834,0.061318427174367564
albeto-large,NVIDIA GeForce RTX 3090,67.97413158416748,17815043,2,128,77395531776.0,14.647046781132076,0.013706327207098898
albeto-large,NVIDIA GeForce RTX 3090,67.97413158416748,17815043,2,256,154788960256.0,27.650636933818184,0.009271098982408497
albeto-large,NVIDIA GeForce RTX 3090,67.97413158416748,17815043,2,512,309575817216.0,53.15782908654546,0.011046128087053759
albeto-large,NVIDIA GeForce RTX 3090,67.97413158416748,17815043,4,128,154791063552.0,26.260172208088235,0.0930431868623048
albeto-large,NVIDIA GeForce RTX 3090,67.97413158416748,17815043,4,256,309577920512.0,48.14277604070588,0.2617352876707381
albeto-large,NVIDIA GeForce RTX 3090,67.97413158416748,17815043,4,512,619151634432.0,103.72012912980392,0.01341593954453729
albeto-large,NVIDIA GeForce RTX 3090,67.97413158416748,17815043,8,128,309582127104.0,45.61331169666667,0.007547234409872185
albeto-large,NVIDIA GeForce RTX 3090,67.97413158416748,17815043,8,256,619155841024.0,93.80035213056603,0.007421211797401795
albeto-large,NVIDIA GeForce RTX 3090,67.97413158416748,17815043,8,512,1238303268864.0,195.60670129981483,0.20130433478706933
albeto-large,NVIDIA GeForce RTX 3090,67.97413158416748,17815043,16,128,619164254208.0,89.08280029901961,0.03549556785179387
albeto-large,NVIDIA GeForce RTX 3090,67.97413158416748,17815043,16,256,1238311682048.0,176.7003906978182,0.6902389316835046
albeto-large,NVIDIA GeForce RTX 3090,67.97413158416748,17815043,16,512,2476606537728.0,386.59629914528307,0.2434455047498081
albeto-large,NVIDIA GeForce RTX 3090,67.97413158416748,17815043,32,128,1238328508416.0,168.09490195017855,0.37965139972662276
albeto-large,NVIDIA GeForce RTX 3090,67.97413158416748,17815043,32,256,2476623364096.0,349.0531660091525,0.3333448558834293
albeto-large,NVIDIA GeForce RTX 3090,67.97413158416748,17815043,32,512,4953213075456.0,750.0018079214815,0.43773478487676554
albeto-large,NVIDIA GeForce RTX 3090,67.97413158416748,17815043,64,128,2476657016832.0,329.62284509089284,0.399368561817499
albeto-large,NVIDIA GeForce RTX 3090,67.97413158416748,17815043,64,256,4953246728192.0,674.0146216513207,0.3546176939487544
albeto-large,NVIDIA GeForce RTX 3090,67.97413158416748,17815043,64,512,9906426150912.0,1484.1912089369814,0.2763267303837401
albeto-large,NVIDIA GeForce RTX 2080,67.97413158416748,17815043,1,128,38697765888.0,13.24896291207547,0.01710705850113884
albeto-large,NVIDIA GeForce RTX 2080,67.97413158416748,17815043,1,256,77394480128.0,24.620646323653848,0.04424637834870426
albeto-large,NVIDIA GeForce RTX 2080,67.97413158416748,17815043,1,512,154787908608.0,48.291431851851854,0.06070754234501994
albeto-large,NVIDIA GeForce RTX 2080,67.97413158416748,17815043,2,128,77395531776.0,23.61239899719298,0.06105765549049757
albeto-large,NVIDIA GeForce RTX 2080,67.97413158416748,17815043,2,256,154788960256.0,44.54348408269231,0.06865481777083822
albeto-large,NVIDIA GeForce RTX 2080,67.97413158416748,17815043,2,512,309575817216.0,97.91328316446427,0.21950136754835728
albeto-large,NVIDIA GeForce RTX 2080,67.97413158416748,17815043,4,128,154791063552.0,42.04258414403226,0.07556061092105225
albeto-large,NVIDIA GeForce RTX 2080,67.97413158416748,17815043,4,256,309577920512.0,88.64664972963638,0.08979262056687141
albeto-large,NVIDIA GeForce RTX 2080,67.97413158416748,17815043,4,512,619151634432.0,183.68559463894735,0.2682726248865738
albeto-large,NVIDIA GeForce RTX 2080,67.97413158416748,17815043,8,128,309582127104.0,84.42597462910715,0.13261186969954245
albeto-large,NVIDIA GeForce RTX 2080,67.97413158416748,17815043,8,256,619155841024.0,165.36573353368422,0.09272974415236931
albeto-large,NVIDIA GeForce RTX 2080,67.97413158416748,17815043,8,512,1238303268864.0,367.7113315934545,0.10842443027077611
albeto-large,NVIDIA GeForce RTX 2080,67.97413158416748,17815043,16,128,619164254208.0,155.8116931251923,0.11442570075602937
albeto-large,NVIDIA GeForce RTX 2080,67.97413158416748,17815043,16,256,1238311682048.0,330.78473400390624,0.19521646349029745
albeto-large,NVIDIA GeForce RTX 2080,67.97413158416748,17815043,16,512,2476606537728.0,717.142018630566,0.14125988990649363
albeto-large,NVIDIA GeForce RTX 2080,67.97413158416748,17815043,32,128,1238328508416.0,312.23910020867925,0.03922889889382834
albeto-large,NVIDIA GeForce RTX 2080,67.97413158416748,17815043,32,256,2476623364096.0,642.3327073033962,0.20305561934064092
albeto-large,NVIDIA GeForce RTX 2080,67.97413158416748,17815043,32,512,4953213075456.0,1456.6504540309613,0.2188397612765434
albeto-large,NVIDIA GeForce RTX 2080,67.97413158416748,17815043,64,128,2476657016832.0,605.1078010262501,0.2364873192217443
albeto-large,NVIDIA GeForce RTX 2080,67.97413158416748,17815043,64,256,4953246728192.0,1305.5260232242106,0.19785991672707443
albeto-large,NVIDIA GeForce RTX 2080,67.97413158416748,17815043,64,512,9906426150912.0,2807.3567114107145,0.3902849750762122
albeto-xlarge,NVIDIA GeForce RTX 3090,224.54444408416748,58859011,1,128,154706974720.0,25.221244256376806,0.1265832181016649
albeto-xlarge,NVIDIA GeForce RTX 3090,224.54444408416748,58859011,1,256,309409748992.0,41.600265101285714,0.2920401801006034
albeto-xlarge,NVIDIA GeForce RTX 3090,224.54444408416748,58859011,1,512,618815297536.0,85.2526804971739,0.6291094226405558
albeto-xlarge,NVIDIA GeForce RTX 3090,224.54444408416748,58859011,2,128,309413949440.0,41.38435302432836,0.19585537045262566
albeto-xlarge,NVIDIA GeForce RTX 3090,224.54444408416748,58859011,2,256,618819497984.0,82.01896382211265,0.4871968798554455
albeto-xlarge,NVIDIA GeForce RTX 3090,224.54444408416748,58859011,2,512,1237630595072.0,171.3716266592857,0.8158979474577571
albeto-xlarge,NVIDIA GeForce RTX 3090,224.54444408416748,58859011,4,128,618827898880.0,80.61275983917808,0.42202580730408723
albeto-xlarge,NVIDIA GeForce RTX 3090,224.54444408416748,58859011,4,256,1237638995968.0,162.53931074500002,0.7557057481626945
albeto-xlarge,NVIDIA GeForce RTX 3090,224.54444408416748,58859011,4,512,2475261190144.0,335.2074608101852,1.1571203158719185
albeto-xlarge,NVIDIA GeForce RTX 3090,224.54444408416748,58859011,8,128,1237655797760.0,158.85015589396227,0.010949983831693079
albeto-xlarge,NVIDIA GeForce RTX 3090,224.54444408416748,58859011,8,256,2475277991936.0,316.90138253258624,1.310552641569845
albeto-xlarge,NVIDIA GeForce RTX 3090,224.54444408416748,58859011,8,512,4950522380288.0,664.3957771638889,0.40878594576787314
albeto-xlarge,NVIDIA GeForce RTX 3090,224.54444408416748,58859011,16,128,2475311595520.0,308.32054312526316,0.5844615222098836
albeto-xlarge,NVIDIA GeForce RTX 3090,224.54444408416748,58859011,16,256,4950555983872.0,625.3206365773685,0.5037750315417296
albeto-xlarge,NVIDIA GeForce RTX 3090,224.54444408416748,58859011,16,512,9901044760576.0,1301.0930170196154,0.3636720800116191
albeto-xlarge,NVIDIA GeForce RTX 3090,224.54444408416748,58859011,32,128,4950623191040.0,607.9289656316072,0.7211764804940227
albeto-xlarge,NVIDIA GeForce RTX 3090,224.54444408416748,58859011,32,256,9901111967744.0,1225.7737942687502,0.33645723207510553
albeto-xlarge,NVIDIA GeForce RTX 3090,224.54444408416748,58859011,32,512,19802089521152.0,2603.6806594447366,0.6956554172402687
albeto-xlarge,NVIDIA GeForce RTX 3090,224.54444408416748,58859011,64,128,9901246382080.0,1188.8175030292307,0.2876841173191937
albeto-xlarge,NVIDIA GeForce RTX 3090,224.54444408416748,58859011,64,256,19802223935488.0,2454.4893875983335,0.6676195558926677
albeto-xlarge,NVIDIA GeForce RTX 3090,224.54444408416748,58859011,64,512,39604179042304.0,5065.541276614908,0.9810846642755402
albeto-xlarge,NVIDIA GeForce RTX 2080,224.54444408416748,58859011,1,128,154706974720.0,49.36416609792453,0.0527810217132656
albeto-xlarge,NVIDIA GeForce RTX 2080,224.54444408416748,58859011,1,256,309409748992.0,81.29449051660377,0.10892853783215371
albeto-xlarge,NVIDIA GeForce RTX 2080,224.54444408416748,58859011,1,512,618815297536.0,158.4516485240741,0.09512351178200146
albeto-xlarge,NVIDIA GeForce RTX 2080,224.54444408416748,58859011,2,128,309413949440.0,80.07710288188679,0.12248369149167015
albeto-xlarge,NVIDIA GeForce RTX 2080,224.54444408416748,58859011,2,256,618819497984.0,150.7885549851515,0.2571102748713289
albeto-xlarge,NVIDIA GeForce RTX 2080,224.54444408416748,58859011,2,512,1237630595072.0,313.6436399335849,0.11470777842129866
albeto-xlarge,NVIDIA GeForce RTX 2080,224.54444408416748,58859011,4,128,618827898880.0,146.50649745392158,0.07842485282945717
albeto-xlarge,NVIDIA GeForce RTX 2080,224.54444408416748,58859011,4,256,1237638995968.0,295.2427783872222,0.09208947234914673
albeto-xlarge,NVIDIA GeForce RTX 2080,224.54444408416748,58859011,4,512,2475261190144.0,618.156278269322,0.1758631122894982
albeto-xlarge,NVIDIA GeForce RTX 2080,224.54444408416748,58859011,8,128,1237655797760.0,285.9737665371698,0.09785160143567902
albeto-xlarge,NVIDIA GeForce RTX 2080,224.54444408416748,58859011,8,256,2475277991936.0,581.0921079861016,0.22646038075793082
albeto-xlarge,NVIDIA GeForce RTX 2080,224.54444408416748,58859011,8,512,4950522380288.0,1227.119752548421,0.24702585041731986
albeto-xlarge,NVIDIA GeForce RTX 2080,224.54444408416748,58859011,16,128,2475311595520.0,562.0623197152727,0.1882092053330725
albeto-xlarge,NVIDIA GeForce RTX 2080,224.54444408416748,58859011,16,256,4950555983872.0,1153.309217276415,0.09889993565571396
albeto-xlarge,NVIDIA GeForce RTX 2080,224.54444408416748,58859011,16,512,9901044760576.0,2398.710651481132,0.36433408235440135
albeto-xlarge,NVIDIA GeForce RTX 2080,224.54444408416748,58859011,32,128,4950623191040.0,1116.5774554694547,0.1720326588577303
albeto-xlarge,NVIDIA GeForce RTX 2080,224.54444408416748,58859011,32,256,9901111967744.0,2247.08354582875,0.251032589720098
albeto-xlarge,NVIDIA GeForce RTX 2080,224.54444408416748,58859011,32,512,19802089521152.0,4767.525202440186,0.48655599439107927
albeto-xlarge,NVIDIA GeForce RTX 2080,224.54444408416748,58859011,64,128,9901246382080.0,2173.029844751091,0.2750136904858202
albeto-xlarge,NVIDIA GeForce RTX 2080,224.54444408416748,58859011,64,256,19802223935488.0,4464.232168669444,0.44337512279690744
albeto-xlarge,NVIDIA GeForce RTX 2080,224.54444408416748,58859011,64,512,39604179042304.0,9621.417677295174,18.38202083746778
albeto-xxlarge,NVIDIA GeForce RTX 3090,849.6850690841675,222735875,1,128,309371940864.0,41.87162762413793,0.33748182448004765
albeto-xxlarge,NVIDIA GeForce RTX 3090,849.6850690841675,222735875,1,256,618727092224.0,77.96984028168421,0.6053595042235672
albeto-xxlarge,NVIDIA GeForce RTX 3090,849.6850690841675,222735875,1,512,1237437394944.0,151.37884712068964,0.6002692067345957
albeto-xxlarge,NVIDIA GeForce RTX 3090,849.6850690841675,222735875,2,128,618743881728.0,78.18019026018182,0.4320448264035361
albeto-xxlarge,NVIDIA GeForce RTX 3090,849.6850690841675,222735875,2,256,1237454184448.0,148.06019291449272,0.6146990379994742
albeto-xxlarge,NVIDIA GeForce RTX 3090,849.6850690841675,222735875,2,512,2474874789888.0,302.267979831,0.6987002525007558
albeto-xxlarge,NVIDIA GeForce RTX 3090,849.6850690841675,222735875,4,128,1237487763456.0,146.8190383903175,0.61123923950875
albeto-xxlarge,NVIDIA GeForce RTX 3090,849.6850690841675,222735875,4,256,2474908368896.0,293.66401032325,0.8099640081078677
albeto-xxlarge,NVIDIA GeForce RTX 3090,849.6850690841675,222735875,4,512,4949749579776.0,597.3443267603704,0.4154017431915778
albeto-xxlarge,NVIDIA GeForce RTX 3090,849.6850690841675,222735875,8,128,2474975526912.0,290.41833737854546,0.6348147431973878
albeto-xxlarge,NVIDIA GeForce RTX 3090,849.6850690841675,222735875,8,256,4949816737792.0,578.1838877327777,0.32062147889874776
albeto-xxlarge,NVIDIA GeForce RTX 3090,849.6850690841675,222735875,8,512,9899499159552.0,1181.8968203256366,0.3815323857019374
albeto-xxlarge,NVIDIA GeForce RTX 3090,849.6850690841675,222735875,16,128,4949951053824.0,568.7088294894546,0.28842826764125706
albeto-xxlarge,NVIDIA GeForce RTX 3090,849.6850690841675,222735875,16,256,9899633475584.0,1145.1752751294546,0.3433421365192764
albeto-xxlarge,NVIDIA GeForce RTX 3090,849.6850690841675,222735875,16,512,19798998319104.0,2367.721364424561,0.8585671296044595
albeto-xxlarge,NVIDIA GeForce RTX 3090,849.6850690841675,222735875,32,128,9899902107648.0,1126.2377467855356,0.4125917070611895
albeto-xxlarge,NVIDIA GeForce RTX 3090,849.6850690841675,222735875,32,256,19799266951168.0,2292.370520074643,0.8383966098463572
albeto-xxlarge,NVIDIA GeForce RTX 3090,849.6850690841675,222735875,32,512,39597996638208.0,4734.697648797585,1.0677504801175999
albeto-xxlarge,NVIDIA GeForce RTX 3090,849.6850690841675,222735875,64,128,19799804215296.0,2256.438227948704,0.6016269808962188
albeto-xxlarge,NVIDIA GeForce RTX 3090,849.6850690841675,222735875,64,256,39598533902336.0,4579.845847011454,1.0177862575994117
albeto-xxlarge,NVIDIA GeForce RTX 3090,849.6850690841675,222735875,64,512,79195993276416.0,9379.82628499611,2.718288268593964
albeto-xxlarge,NVIDIA GeForce RTX 2080,849.6850690841675,222735875,1,128,309371940864.0,74.93091764086208,0.10308624931354701
albeto-xxlarge,NVIDIA GeForce RTX 2080,849.6850690841675,222735875,1,256,618727092224.0,145.28054910596492,0.22482477258657968
albeto-xxlarge,NVIDIA GeForce RTX 2080,849.6850690841675,222735875,1,512,1237437394944.0,286.0731507401923,0.14036238955800415
albeto-xxlarge,NVIDIA GeForce RTX 2080,849.6850690841675,222735875,2,128,618743881728.0,144.51376132314815,0.16643038364283763
albeto-xxlarge,NVIDIA GeForce RTX 2080,849.6850690841675,222735875,2,256,1237454184448.0,278.63898816982453,0.2647269143495377
albeto-xxlarge,NVIDIA GeForce RTX 2080,849.6850690841675,222735875,2,512,2474874789888.0,582.5735970953572,0.19436910914838573
albeto-xxlarge,NVIDIA GeForce RTX 2080,849.6850690841675,222735875,4,128,1237487763456.0,273.7558916419231,0.13695093234934874
albeto-xxlarge,NVIDIA GeForce RTX 2080,849.6850690841675,222735875,4,256,2474908368896.0,564.082453277037,0.2650873807134691
albeto-xxlarge,NVIDIA GeForce RTX 2080,849.6850690841675,222735875,4,512,4949749579776.0,1099.186317817091,0.17197195751416344
albeto-xxlarge,NVIDIA GeForce RTX 2080,849.6850690841675,222735875,8,128,2474975526912.0,554.0574265894545,0.1701956420325635
albeto-xxlarge,NVIDIA GeForce RTX 2080,849.6850690841675,222735875,8,256,4949816737792.0,1061.7869764058491,0.17191304974843624
albeto-xxlarge,NVIDIA GeForce RTX 2080,849.6850690841675,222735875,8,512,9899499159552.0,2170.2046680727776,0.31072716991086075
albeto-xxlarge,NVIDIA GeForce RTX 2080,849.6850690841675,222735875,16,128,4949951053824.0,1043.2916322645,0.23359703464989723
albeto-xxlarge,NVIDIA GeForce RTX 2080,849.6850690841675,222735875,16,256,9899633475584.0,2095.3748299755357,0.2244082125779589
albeto-xxlarge,NVIDIA GeForce RTX 2080,849.6850690841675,222735875,16,512,19798998319104.0,4318.498981792143,0.6414110092377941
albeto-xxlarge,NVIDIA GeForce RTX 2080,849.6850690841675,222735875,32,128,9899902107648.0,2058.730815969273,0.2818082725395554
albeto-xxlarge,NVIDIA GeForce RTX 2080,849.6850690841675,222735875,32,256,19799266951168.0,4166.718585358214,0.5274338056528152
albeto-xxlarge,NVIDIA GeForce RTX 2080,849.6850690841675,222735875,32,512,,,
albeto-xxlarge,NVIDIA GeForce RTX 2080,849.6850690841675,222735875,64,128,19799804215296.0,4088.7398549158484,0.4898864479743395
albeto-xxlarge,NVIDIA GeForce RTX 2080,849.6850690841675,222735875,64,256,39598533902336.0,8328.20878625709,1.26796118868338
albeto-xxlarge,NVIDIA GeForce RTX 2080,849.6850690841675,222735875,64,512,,,
bertin-roberta-base,NVIDIA GeForce RTX 3090,475.5716333389282,124645635,1,128,10882058496.0,5.46334545,0.02324318165924494
bertin-roberta-base,NVIDIA GeForce RTX 3090,475.5716333389282,124645635,1,256,21763524864.0,5.2666456519999985,0.006013649978901923
bertin-roberta-base,NVIDIA GeForce RTX 3090,475.5716333389282,124645635,1,512,43526457600.0,9.141113777586208,0.02957068669751463
bertin-roberta-base,NVIDIA GeForce RTX 3090,475.5716333389282,124645635,2,128,21764116992.0,5.556133950535714,0.005187552415093325
bertin-roberta-base,NVIDIA GeForce RTX 3090,475.5716333389282,124645635,2,256,43527049728.0,8.341085833333333,0.056770763312686275
bertin-roberta-base,NVIDIA GeForce RTX 3090,475.5716333389282,124645635,2,512,87052915200.0,16.78502828854546,0.06419680389646074
bertin-roberta-base,NVIDIA GeForce RTX 3090,475.5716333389282,124645635,4,128,43528233984.0,7.598301142545453,0.007258222419167991
bertin-roberta-base,NVIDIA GeForce RTX 3090,475.5716333389282,124645635,4,256,87054099456.0,14.792449293285715,0.06553172465728865
bertin-roberta-base,NVIDIA GeForce RTX 3090,475.5716333389282,124645635,4,512,174105830400.0,32.361116589137936,0.09825794400346481
bertin-roberta-base,NVIDIA GeForce RTX 3090,475.5716333389282,124645635,8,128,87056467968.0,13.817172418867925,0.008021118895460009
bertin-roberta-base,NVIDIA GeForce RTX 3090,475.5716333389282,124645635,8,256,174108198912.0,28.713883989811325,0.017600995214151045
bertin-roberta-base,NVIDIA GeForce RTX 3090,475.5716333389282,124645635,8,512,348211660800.0,60.612568561509434,0.044966895015083004
bertin-roberta-base,NVIDIA GeForce RTX 3090,475.5716333389282,124645635,16,128,174112935936.0,26.991285518727274,0.005629131321848928
bertin-roberta-base,NVIDIA GeForce RTX 3090,475.5716333389282,124645635,16,256,348216397824.0,53.932398567547175,0.00712759498666024
bertin-roberta-base,NVIDIA GeForce RTX 3090,475.5716333389282,124645635,16,512,696423321600.0,119.08433298038463,0.009778010274541652
bertin-roberta-base,NVIDIA GeForce RTX 3090,475.5716333389282,124645635,32,128,348225871872.0,50.4127398631884,0.30296203857717247
bertin-roberta-base,NVIDIA GeForce RTX 3090,475.5716333389282,124645635,32,256,696432795648.0,105.13808514481481,0.21535751444045104
bertin-roberta-base,NVIDIA GeForce RTX 3090,475.5716333389282,124645635,32,512,1392846643200.0,236.44583080249998,0.9272194413606557
bertin-roberta-base,NVIDIA GeForce RTX 3090,475.5716333389282,124645635,64,128,696451743744.0,98.59630656311475,0.16670929426669823
bertin-roberta-base,NVIDIA GeForce RTX 3090,475.5716333389282,124645635,64,256,1392865591296.0,207.99043102399997,0.3294640090259803
bertin-roberta-base,NVIDIA GeForce RTX 3090,475.5716333389282,124645635,64,512,2785693286400.0,470.48168389892857,0.9713809729299793
bertin-roberta-base,NVIDIA GeForce RTX 2080,475.5716333389282,124645635,1,128,10882058496.0,5.4446154011764705,0.06381354279244081
bertin-roberta-base,NVIDIA GeForce RTX 2080,475.5716333389282,124645635,1,256,21763524864.0,8.095893272181819,0.014942287084142108
bertin-roberta-base,NVIDIA GeForce RTX 2080,475.5716333389282,124645635,1,512,43526457600.0,16.45687778781818,0.022715149406524502
bertin-roberta-base,NVIDIA GeForce RTX 2080,475.5716333389282,124645635,2,128,21764116992.0,7.741792127307692,0.006795128124106831
bertin-roberta-base,NVIDIA GeForce RTX 2080,475.5716333389282,124645635,2,256,43527049728.0,14.915185312452829,0.016576532499439543
bertin-roberta-base,NVIDIA GeForce RTX 2080,475.5716333389282,124645635,2,512,87052915200.0,31.452945650344827,0.039188062318227614
bertin-roberta-base,NVIDIA GeForce RTX 2080,475.5716333389282,124645635,4,128,43528233984.0,13.865866912380953,0.025561770651358336
bertin-roberta-base,NVIDIA GeForce RTX 2080,475.5716333389282,124645635,4,256,87054099456.0,27.929370059137934,0.045383552802267524
bertin-roberta-base,NVIDIA GeForce RTX 2080,475.5716333389282,124645635,4,512,174105830400.0,59.87111846262296,0.09700130913900942
bertin-roberta-base,NVIDIA GeForce RTX 2080,475.5716333389282,124645635,8,128,87056467968.0,26.08577646823529,0.024020819734450083
bertin-roberta-base,NVIDIA GeForce RTX 2080,475.5716333389282,124645635,8,256,174108198912.0,53.02068808727273,0.11800745198873897
bertin-roberta-base,NVIDIA GeForce RTX 2080,475.5716333389282,124645635,8,512,348211660800.0,116.38627445181818,0.04566599768493357
bertin-roberta-base,NVIDIA GeForce RTX 2080,475.5716333389282,124645635,16,128,174112935936.0,49.368327695272725,0.060639791866678526
bertin-roberta-base,NVIDIA GeForce RTX 2080,475.5716333389282,124645635,16,256,348216397824.0,102.54083750934426,0.10578700071638367
bertin-roberta-base,NVIDIA GeForce RTX 2080,475.5716333389282,124645635,16,512,696423321600.0,226.92581488854543,0.058671553870729996
bertin-roberta-base,NVIDIA GeForce RTX 2080,475.5716333389282,124645635,32,128,348225871872.0,95.3440450025,0.1625137750914572
bertin-roberta-base,NVIDIA GeForce RTX 2080,475.5716333389282,124645635,32,256,696432795648.0,199.01021891528305,0.12901577219756086
bertin-roberta-base,NVIDIA GeForce RTX 2080,475.5716333389282,124645635,32,512,1392846643200.0,449.08091621454554,0.22478448297683468
bertin-roberta-base,NVIDIA GeForce RTX 2080,475.5716333389282,124645635,64,128,696451743744.0,184.97131159555556,0.060570138793165376
bertin-roberta-base,NVIDIA GeForce RTX 2080,475.5716333389282,124645635,64,256,1392865591296.0,393.1210558185454,0.11213986040398075
bertin-roberta-base,NVIDIA GeForce RTX 2080,475.5716333389282,124645635,64,512,2785693286400.0,889.2882889890742,0.07299209893846566
bne-roberta-base,NVIDIA GeForce RTX 3090,475.5716333389282,124645635,1,128,10882058496.0,5.485756813636362,0.020614776296678804
bne-roberta-base,NVIDIA GeForce RTX 3090,475.5716333389282,124645635,1,256,21763524864.0,5.27611041,0.011367465346832467
bne-roberta-base,NVIDIA GeForce RTX 3090,475.5716333389282,124645635,1,512,43526457600.0,9.278387103773586,0.020040749004133523
bne-roberta-base,NVIDIA GeForce RTX 3090,475.5716333389282,124645635,2,128,21764116992.0,5.566313152203391,0.00799612615097647
bne-roberta-base,NVIDIA GeForce RTX 3090,475.5716333389282,124645635,2,256,43527049728.0,8.462941218983051,0.04000951035640021
bne-roberta-base,NVIDIA GeForce RTX 3090,475.5716333389282,124645635,2,512,87052915200.0,17.147772433725493,0.018514417748489526
bne-roberta-base,NVIDIA GeForce RTX 3090,475.5716333389282,124645635,4,128,43528233984.0,7.761825757142858,0.004305792958006301
bne-roberta-base,NVIDIA GeForce RTX 3090,475.5716333389282,124645635,4,256,87054099456.0,14.976776167647058,0.01700519701927835
bne-roberta-base,NVIDIA GeForce RTX 3090,475.5716333389282,124645635,4,512,174105830400.0,32.876192558148155,0.04679228812584117
bne-roberta-base,NVIDIA GeForce RTX 3090,475.5716333389282,124645635,8,128,87056467968.0,13.963279624705887,0.010036951361060422
bne-roberta-base,NVIDIA GeForce RTX 3090,475.5716333389282,124645635,8,256,174108198912.0,29.14820314528302,0.11426850613380966
bne-roberta-base,NVIDIA GeForce RTX 3090,475.5716333389282,124645635,8,512,348211660800.0,61.235233243035715,0.14960957567936242
bne-roberta-base,NVIDIA GeForce RTX 3090,475.5716333389282,124645635,16,128,174112935936.0,27.409875820508475,0.10149673463552038
bne-roberta-base,NVIDIA GeForce RTX 3090,475.5716333389282,124645635,16,256,348216397824.0,54.13949268321429,0.17034087247221705
bne-roberta-base,NVIDIA GeForce RTX 3090,475.5716333389282,124645635,16,512,696423321600.0,120.3288694327451,0.12889296755671573
bne-roberta-base,NVIDIA GeForce RTX 3090,475.5716333389282,124645635,32,128,348225871872.0,50.77372212814815,0.2092663983171202
bne-roberta-base,NVIDIA GeForce RTX 3090,475.5716333389282,124645635,32,256,696432795648.0,106.21176347576926,0.17725305446690906
bne-roberta-base,NVIDIA GeForce RTX 3090,475.5716333389282,124645635,32,512,1392846643200.0,236.55640252647055,0.2645489076855409
bne-roberta-base,NVIDIA GeForce RTX 3090,475.5716333389282,124645635,64,128,696451743744.0,99.35605744533333,0.30945984551349526
bne-roberta-base,NVIDIA GeForce RTX 3090,475.5716333389282,124645635,64,256,1392865591296.0,208.94998404447762,0.37931801907126705
bne-roberta-base,NVIDIA GeForce RTX 3090,475.5716333389282,124645635,64,512,2785693286400.0,471.6609655603847,0.37730898525079715
bne-roberta-base,NVIDIA GeForce RTX 2080,475.5716333389282,124645635,1,128,10882058496.0,5.488239719285715,0.02564655351615695
bne-roberta-base,NVIDIA GeForce RTX 2080,475.5716333389282,124645635,1,256,21763524864.0,8.09422543,0.012032097116893011
bne-roberta-base,NVIDIA GeForce RTX 2080,475.5716333389282,124645635,1,512,43526457600.0,16.457235113148144,0.024184538333734382
bne-roberta-base,NVIDIA GeForce RTX 2080,475.5716333389282,124645635,2,128,21764116992.0,7.695352641607142,0.009374754563958412
bne-roberta-base,NVIDIA GeForce RTX 2080,475.5716333389282,124645635,2,256,43527049728.0,14.848836614642858,0.017015133517327575
bne-roberta-base,NVIDIA GeForce RTX 2080,475.5716333389282,124645635,2,512,87052915200.0,31.46854763107143,0.04692052599351674
bne-roberta-base,NVIDIA GeForce RTX 2080,475.5716333389282,124645635,4,128,43528233984.0,13.886931724666669,0.025184387423328368
bne-roberta-base,NVIDIA GeForce RTX 2080,475.5716333389282,124645635,4,256,87054099456.0,27.896363841886792,0.02518743947310932
bne-roberta-base,NVIDIA GeForce RTX 2080,475.5716333389282,124645635,4,512,174105830400.0,59.89837897072727,0.04500040631052027
bne-roberta-base,NVIDIA GeForce RTX 2080,475.5716333389282,124645635,8,128,87056467968.0,26.168292292413796,0.043058061538127516
bne-roberta-base,NVIDIA GeForce RTX 2080,475.5716333389282,124645635,8,256,174108198912.0,52.865810031636364,0.04600034863892949
bne-roberta-base,NVIDIA GeForce RTX 2080,475.5716333389282,124645635,8,512,348211660800.0,116.72210638101694,0.11749543354011228
bne-roberta-base,NVIDIA GeForce RTX 2080,475.5716333389282,124645635,16,128,174112935936.0,49.31621033833333,0.09267016055833727
bne-roberta-base,NVIDIA GeForce RTX 2080,475.5716333389282,124645635,16,256,348216397824.0,102.45919005421052,0.07889261280378053
bne-roberta-base,NVIDIA GeForce RTX 2080,475.5716333389282,124645635,16,512,696423321600.0,227.10739160471698,0.10561457498528401
bne-roberta-base,NVIDIA GeForce RTX 2080,475.5716333389282,124645635,32,128,348225871872.0,95.54121696094339,0.11809302244868872
bne-roberta-base,NVIDIA GeForce RTX 2080,475.5716333389282,124645635,32,256,696432795648.0,199.11576686980393,0.08655453986103108
bne-roberta-base,NVIDIA GeForce RTX 2080,475.5716333389282,124645635,32,512,1392846643200.0,449.3828757921818,0.08357045674893725
bne-roberta-base,NVIDIA GeForce RTX 2080,475.5716333389282,124645635,64,128,696451743744.0,185.2968606815094,0.11681393422568068
bne-roberta-base,NVIDIA GeForce RTX 2080,475.5716333389282,124645635,64,256,1392865591296.0,393.7902056333872,0.16670136169722793
bne-roberta-base,NVIDIA GeForce RTX 2080,475.5716333389282,124645635,64,512,2785693286400.0,890.765219048868,0.14829688846227784
bne-roberta-large,NVIDIA GeForce RTX 3090,1355.755654335022,355359747,1,128,38681447424.0,10.15809568148148,0.0265977069258711
bne-roberta-large,NVIDIA GeForce RTX 3090,1355.755654335022,355359747,1,256,77361843200.0,15.028768428431373,0.024764459449751072
bne-roberta-large,NVIDIA GeForce RTX 3090,1355.755654335022,355359747,1,512,154722634752.0,29.709813310384618,0.005357886773439838
bne-roberta-large,NVIDIA GeForce RTX 3090,1355.755654335022,355359747,2,128,77362894848.0,14.682589049464285,0.04692720634344231
bne-roberta-large,NVIDIA GeForce RTX 3090,1355.755654335022,355359747,2,256,154723686400.0,27.736412475283014,0.08888371835060652
bne-roberta-large,NVIDIA GeForce RTX 3090,1355.755654335022,355359747,2,512,309445269504.0,52.943595591999994,0.20157816895787095
bne-roberta-large,NVIDIA GeForce RTX 3090,1355.755654335022,355359747,4,128,154725789696.0,26.30856638,0.11111522662859108
bne-roberta-large,NVIDIA GeForce RTX 3090,1355.755654335022,355359747,4,256,309447372800.0,48.03390543563637,0.2322573880198802
bne-roberta-large,NVIDIA GeForce RTX 3090,1355.755654335022,355359747,4,512,618890539008.0,103.619888015,0.3848167681580937
bne-roberta-large,NVIDIA GeForce RTX 3090,1355.755654335022,355359747,8,128,309451579392.0,45.57266508134617,0.020939438290726347
bne-roberta-large,NVIDIA GeForce RTX 3090,1355.755654335022,355359747,8,256,618894745600.0,94.2023836119672,0.26384319278140805
bne-roberta-large,NVIDIA GeForce RTX 3090,1355.755654335022,355359747,8,512,1237781078016.0,195.92986163527274,0.28083152612534307
bne-roberta-large,NVIDIA GeForce RTX 3090,1355.755654335022,355359747,16,128,618903158784.0,89.37760804368422,0.43916461891561437
bne-roberta-large,NVIDIA GeForce RTX 3090,1355.755654335022,355359747,16,256,1237789491200.0,177.3422786914286,0.8874099465681966
bne-roberta-large,NVIDIA GeForce RTX 3090,1355.755654335022,355359747,16,512,2475562156032.0,388.4101473106666,0.3390792302423303
bne-roberta-large,NVIDIA GeForce RTX 3090,1355.755654335022,355359747,32,128,1237806317568.0,168.41482897058825,0.43666482611849505
bne-roberta-large,NVIDIA GeForce RTX 3090,1355.755654335022,355359747,32,256,2475578982400.0,351.1155760005882,0.2976842366057121
bne-roberta-large,NVIDIA GeForce RTX 3090,1355.755654335022,355359747,32,512,4951124312064.0,753.5899332094231,0.30076352455459693
bne-roberta-large,NVIDIA GeForce RTX 3090,1355.755654335022,355359747,64,128,2475612635136.0,331.18239292018876,0.3894083679469352
bne-roberta-large,NVIDIA GeForce RTX 3090,1355.755654335022,355359747,64,256,4951157964800.0,677.8179316313792,0.43289458315789064
bne-roberta-large,NVIDIA GeForce RTX 3090,1355.755654335022,355359747,64,512,9902248624128.0,1492.9333940933334,0.3861424605323092
bne-roberta-large,NVIDIA GeForce RTX 2080,1355.755654335022,355359747,1,128,38681447424.0,13.305378991481481,0.019035884531548888
bne-roberta-large,NVIDIA GeForce RTX 2080,1355.755654335022,355359747,1,256,77361843200.0,24.782253290597012,0.08135314146836593
bne-roberta-large,NVIDIA GeForce RTX 2080,1355.755654335022,355359747,1,512,154722634752.0,48.54629802086207,0.05963345933268236
bne-roberta-large,NVIDIA GeForce RTX 2080,1355.755654335022,355359747,2,128,77362894848.0,23.769145467454543,0.003300466729447648
bne-roberta-large,NVIDIA GeForce RTX 2080,1355.755654335022,355359747,2,256,154723686400.0,44.65006883964286,0.06421796788344053
bne-roberta-large,NVIDIA GeForce RTX 2080,1355.755654335022,355359747,2,512,309445269504.0,98.25992563981131,0.1444899815454136
bne-roberta-large,NVIDIA GeForce RTX 2080,1355.755654335022,355359747,4,128,154725789696.0,42.371550493137256,0.07653922885040394
bne-roberta-large,NVIDIA GeForce RTX 2080,1355.755654335022,355359747,4,256,309447372800.0,89.22347529074075,0.1687737315437805
bne-roberta-large,NVIDIA GeForce RTX 2080,1355.755654335022,355359747,4,512,618890539008.0,184.1203927803704,0.10409928830346044
bne-roberta-large,NVIDIA GeForce RTX 2080,1355.755654335022,355359747,8,128,309451579392.0,84.44795659207549,0.11408111849521865
bne-roberta-large,NVIDIA GeForce RTX 2080,1355.755654335022,355359747,8,256,618894745600.0,165.62481748870374,0.07047607282888017
bne-roberta-large,NVIDIA GeForce RTX 2080,1355.755654335022,355359747,8,512,1237781078016.0,368.4307153413461,0.06769331226482575
bne-roberta-large,NVIDIA GeForce RTX 2080,1355.755654335022,355359747,16,128,618903158784.0,156.22076869092592,0.11212676357774078
bne-roberta-large,NVIDIA GeForce RTX 2080,1355.755654335022,355359747,16,256,1237789491200.0,331.3483251092727,0.12567277887969586
bne-roberta-large,NVIDIA GeForce RTX 2080,1355.755654335022,355359747,16,512,2475562156032.0,718.0494695677778,0.10040801058951064
bne-roberta-large,NVIDIA GeForce RTX 2080,1355.755654335022,355359747,32,128,1237806317568.0,312.72359075092595,0.12297725868706494
bne-roberta-large,NVIDIA GeForce RTX 2080,1355.755654335022,355359747,32,256,2475578982400.0,643.4162502963158,0.1754997212893473
bne-roberta-large,NVIDIA GeForce RTX 2080,1355.755654335022,355359747,32,512,4951124312064.0,1458.9643520826419,0.07240364651556361
bne-roberta-large,NVIDIA GeForce RTX 2080,1355.755654335022,355359747,64,128,2475612635136.0,605.6256185844263,0.2600510141279051
bne-roberta-large,NVIDIA GeForce RTX 2080,1355.755654335022,355359747,64,256,4951157964800.0,1307.1038950245902,0.22249730566886294
bne-roberta-large,NVIDIA GeForce RTX 2080,1355.755654335022,355359747,64,512,9902248624128.0,2819.435155709138,0.2566257455770585
